Workbook

Sheet How to Discuss
A1: Zombie Card Survive - 第一版卡牌設計討論基板 | B1: Zombie Card Survive - 第一版卡牌設計討論基板 | C1: Zombie Card Survive - 第一版卡牌設計討論基板 | D1: Zombie Card Survive - 第一版卡牌設計討論基板 | E1: Zombie Card Survive - 第一版卡牌設計討論基板 | F1: Zombie Card Survive - 第一版卡牌設計討論基板 | G1: Zombie Card Survive - 第一版卡牌設計討論基板 | H1: Zombie Card Survive - 第一版卡牌設計討論基板
A3: 你可以直接在 Discord / Codex 用這個格式丟給我，或填 Card Design 表後叫我一起檢查。 | B3: 你可以直接在 Discord / Codex 用這個格式丟給我，或填 Card Design 表後叫我一起檢查。 | C3: 你可以直接在 Discord / Codex 用這個格式丟給我，或填 Card Design 表後叫我一起檢查。 | D3: 你可以直接在 Discord / Codex 用這個格式丟給我，或填 Card Design 表後叫我一起檢查。 | E3: 你可以直接在 Discord / Codex 用這個格式丟給我，或填 Card Design 表後叫我一起檢查。 | F3: 你可以直接在 Discord / Codex 用這個格式丟給我，或填 Card Design 表後叫我一起檢查。 | G3: 你可以直接在 Discord / Codex 用這個格式丟給我，或填 Card Design 表後叫我一起檢查。 | H3: 你可以直接在 Discord / Codex 用這個格式丟給我，或填 Card Design 表後叫我一起檢查。
A5: 聊天討論格式 | D5: 第一批卡牌建議數量 | E5: 建議張數 | F5: 用途 | G5: 目前優先度 | H5: 備註
A6: 卡名 | B6: 例如：烹飪 | D6: 食物卡 | E6: 4-6 | F6: 處理輪末消耗與成本 | G6: 高 | H6: 先做標準卡與一張轉換卡
A7: 類型 | B7: Food / Resource / Combat / Explore / Build / Craft / Planning / Zombie | D7: 資源卡 | E7: 4-6 | F7: 推建築、製作與事件選項 | G7: 高 | H7: 避免只有單純 +2 資源
A8: 定位 | B8: 這張卡希望玩家解決什麼問題？ | D8: 戰鬥卡 | E8: 3-4 | F8: 處理殭屍威脅 | G8: 高 | H8: 防禦工事可強化核心戰鬥卡
A9: 成本 | B9: 能量、食物、資源、使用次數 | D9: 探索卡 | E9: 1-2 | F9: 取得卡包與承擔風險 | G9: 高 | H9: 基礎探索卡先可製作
A10: 效果 | B10: 請盡量寫成數值，例如：食物 -2，臨時食物 +6 | D10: 規劃/替換卡 | E10: 1-2 | F10: 調整正規牌組 | G10: 中 | H10: 情報中心相關
A11: 來源 | B11: 起始牌組、建築製作、事件、探索卡包 | D11: 製作產物卡 | E11: 2-3 | F11: 建築產出的功能卡 | G11: 中 | H11: 例如烹飪
A12: 玩家選擇 | B12: 玩家打出這張卡時應該在取捨什麼？ | D12: 殭屍卡 | E12: 2-3 | F12: 附加壓力 | G12: 中 | H12: 先測自動觸發與補抽
A13: 擔心問題 | B13: 太強、太弱、太萬用、太難懂、和其他卡重複 | D13: 事件獎勵卡 | E13: 2-4 | F13: 事件或卡包特殊獎勵 | G13: 低 | H13: 等核心卡穩定再擴充
A14: 備註 | B14: 任何設計直覺都可以放這裡

Sheet Card Design
B1: 卡牌設計表：先填意圖，再填數值，最後再做平衡 | C1: 卡牌設計表：先填意圖，再填數值，最後再做平衡 | D1: 卡牌設計表：先填意圖，再填數值，最後再做平衡 | E1: 卡牌設計表：先填意圖，再填數值，最後再做平衡 | F1: 卡牌設計表：先填意圖，再填數值，最後再做平衡 | G1: 卡牌設計表：先填意圖，再填數值，最後再做平衡 | H1: 卡牌設計表：先填意圖，再填數值，最後再做平衡 | I1: 卡牌設計表：先填意圖，再填數值，最後再做平衡 | J1: 卡牌設計表：先填意圖，再填數值，最後再做平衡 | K1: 卡牌設計表：先填意圖，再填數值，最後再做平衡 | L1: 卡牌設計表：先填意圖，再填數值，最後再做平衡 | M1: 卡牌設計表：先填意圖，再填數值，最後再做平衡 | N1: 卡牌設計表：先填意圖，再填數值，最後再做平衡 | O1: 卡牌設計表：先填意圖，再填數值，最後再做平衡 | P1: 卡牌設計表：先填意圖，再填數值，最後再做平衡 | Q1: 卡牌設計表：先填意圖，再填數值，最後再做平衡 | R1: 卡牌設計表：先填意圖，再填數值，最後再做平衡 | S1: 卡牌設計表：先填意圖，再填數值，最後再做平衡 | T1: 卡牌設計表：先填意圖，再填數值，最後再做平衡 | U1: 卡牌設計表：先填意圖，再填數值，最後再做平衡 | V1: 卡牌設計表：先填意圖，再填數值，最後再做平衡 | W1: 卡牌設計表：先填意圖，再填數值，最後再做平衡 | X1: 卡牌設計表：先填意圖，再填數值，最後再做平衡
A3: 黃色欄位建議先填；數值欄位可空白。Rough Score 是粗略抓異常用，不是最終平衡判斷。 | B3: 黃色欄位建議先填；數值欄位可空白。Rough Score 是粗略抓異常用，不是最終平衡判斷。 | C3: 黃色欄位建議先填；數值欄位可空白。Rough Score 是粗略抓異常用，不是最終平衡判斷。 | D3: 黃色欄位建議先填；數值欄位可空白。Rough Score 是粗略抓異常用，不是最終平衡判斷。 | E3: 黃色欄位建議先填；數值欄位可空白。Rough Score 是粗略抓異常用，不是最終平衡判斷。 | F3: 黃色欄位建議先填；數值欄位可空白。Rough Score 是粗略抓異常用，不是最終平衡判斷。 | G3: 黃色欄位建議先填；數值欄位可空白。Rough Score 是粗略抓異常用，不是最終平衡判斷。 | H3: 黃色欄位建議先填；數值欄位可空白。Rough Score 是粗略抓異常用，不是最終平衡判斷。 | I3: 黃色欄位建議先填；數值欄位可空白。Rough Score 是粗略抓異常用，不是最終平衡判斷。 | J3: 黃色欄位建議先填；數值欄位可空白。Rough Score 是粗略抓異常用，不是最終平衡判斷。 | K3: 黃色欄位建議先填；數值欄位可空白。Rough Score 是粗略抓異常用，不是最終平衡判斷。 | L3: 黃色欄位建議先填；數值欄位可空白。Rough Score 是粗略抓異常用，不是最終平衡判斷。 | M3: 黃色欄位建議先填；數值欄位可空白。Rough Score 是粗略抓異常用，不是最終平衡判斷。 | N3: 黃色欄位建議先填；數值欄位可空白。Rough Score 是粗略抓異常用，不是最終平衡判斷。 | O3: 黃色欄位建議先填；數值欄位可空白。Rough Score 是粗略抓異常用，不是最終平衡判斷。 | P3: 黃色欄位建議先填；數值欄位可空白。Rough Score 是粗略抓異常用，不是最終平衡判斷。 | Q3: 黃色欄位建議先填；數值欄位可空白。Rough Score 是粗略抓異常用，不是最終平衡判斷。 | R3: 黃色欄位建議先填；數值欄位可空白。Rough Score 是粗略抓異常用，不是最終平衡判斷。 | S3: 黃色欄位建議先填；數值欄位可空白。Rough Score 是粗略抓異常用，不是最終平衡判斷。 | T3: 黃色欄位建議先填；數值欄位可空白。Rough Score 是粗略抓異常用，不是最終平衡判斷。 | U3: 黃色欄位建議先填；數值欄位可空白。Rough Score 是粗略抓異常用，不是最終平衡判斷。 | V3: 黃色欄位建議先填；數值欄位可空白。Rough Score 是粗略抓異常用，不是最終平衡判斷。 | W3: 黃色欄位建議先填；數值欄位可空白。Rough Score 是粗略抓異常用，不是最終平衡判斷。 | X3: 黃色欄位建議先填；數值欄位可空白。Rough Score 是粗略抓異常用，不是最終平衡判斷。
A5: Card ID | B5: 卡名 | C5: 狀態 | D5: 卡牌類型 | E5: 正規欄位 | F5: 階段 | G5: 稀有度 | H5: 取得來源 | I5: 能量 | J5: 使用次數 | K5: 食物成本 | L5: 資源成本 | M5: 獲得食物 | N5: 獲得臨時食物 | O5: 獲得資源 | P5: 獲得戰鬥力 | Q5: 士氣變化 | R5: 替換機會 | S5: 特殊效果 | T5: 風險/副作用 | U5: 設計意圖 | V5: 測試重點 | W5: Rough Score | X5: 備註
A6: CARD-FOOD-001 | B6: (尋找莓果)預設食物 | C6: Draft | D6: Food | E6: Food | F6: Early | G6: Default | H6: Default Refill | I6: 1 | K6: 0 | L6: 0 | N6: 2 | O6: 0 | P6: 0 | Q6: 0 | R6: 0 | S6: 臨時食物 +2 | U6: 最基礎的食物牌，1能量適合在玩家意圖中穿插打出，功能極弱，無法累計，但可維持每天運轉 | V6: 是否可以在前期(1~10天內)充當每天食物獲取的卡牌 | W6: =IF(COUNTA(A6:V6)=0,"",N(M6)/2+N(N6)/3+N(O6)+N(P6)*1.5+N(Q6)/5+N(R6)*2-N(I6)-N(K6)*0.5-N(L6)) -> -0.33333333
A7: CARD-RES-001 | B7: (物盡其用)預設零件 | C7: Draft | D7: Resource | E7: Resource | F7: Early | G7: Default | H7: Default Refill | I7: 2 | K7: 0 | L7: 0 | M7: 0 | N7: 0 | O7: 1 | P7: 0 | Q7: 0 | R7: 0 | S7: 資源 +1 | U7: 基礎資源牌，支撐建築與製作。目的為前期難打出但咬緊牙關還是可以打出來 | V7: 資源累積速度是否讓工作台太快完成。作為預設牌不能效率太高，獲取資源之資源應大多數在卡包中發掘 | W7: =IF(COUNTA(A7:V7)=0,"",N(M7)/2+N(N7)/3+N(O7)+N(P7)*1.5+N(Q7)/5+N(R7)*2-N(I7)-N(K7)*0.5-N(L7)) -> -1
A8: CARD-COM-001 | B8: (警覺)預設戰鬥 | C8: Draft | D8: Combat | E8: Combat | F8: Early | G8: Default | H8: Default Refill | I8: 3 | K8: 0 | L8: 0 | M8: 0 | N8: 0 | O8: 0 | P8: 2 | Q8: 0 | R8: 0 | S8: 戰鬥力 +2 | U8: 防禦工事給的核心戰鬥卡。 | V8: 殭屍壓力是否需要 1-2 張戰鬥卡才能處理。 | W8: =IF(COUNTA(A8:V8)=0,"",N(M8)/2+N(N8)/3+N(O8)+N(P8)*1.5+N(Q8)/5+N(R8)*2-N(I8)-N(K8)*0.5-N(L8)) -> 0
B9: (無所事事)預設無限制 | C9: Draft | D9: Other | E9: Unrestricted | F9: Early | G9: Default | H9: Default Refill | I9: 0 | S9: 無法打出 | U9: 填充無限制欄位 | V9: 無 | W9: =IF(COUNTA(A9:V9)=0,"",N(M9)/2+N(N9)/3+N(O9)+N(P9)*1.5+N(Q9)/5+N(R9)*2-N(I9)-N(K9)*0.5-N(L9)) -> 0
A10: CARD-EXP-001 | B10: 基礎探索 | C10: Draft | D10: Explore | E10: Explore | F10: Early | G10: Common | H10: Building Craft | I10: 1 | J10: 1 | K10: 0 | L10: 0 | M10: 0 | N10: 0 | O10: 0 | P10: 0 | Q10: 0 | R10: 0 | S10: 開啟初級地區三選一，使用後耗盡。 | T10: 可能帶入殭屍卡。 | U10: 取得卡包，但不能免費無限使用。 | V10: 探索收益是否值得花一張牌與製作成本。 | W10: =IF(COUNTA(A10:V10)=0,"",N(M10)/2+N(N10)/3+N(O10)+N(P10)*1.5+N(Q10)/5+N(R10)*2-N(I10)-N(K10)*0.5-N(L10)) -> -1
A11: CARD-CRAFT-001 | B11: 烹飪 | C11: Draft | D11: Craft | E11: Food | F11: Early | G11: Common | H11: Building Craft | I11: 0 | J11: 3 | K11: 2 | L11: 0 | M11: 0 | N11: 6 | O11: 0 | P11: 0 | Q11: 0 | R11: 0 | S11: 食物 -2，臨時食物 +6，可使用 3 次。 | T11: 需要先有永久食物。 | U11: 把永久食物轉成輪末專用緩衝。 | V11: 兩卡解決一輪食物壓力是否太強。 | W11: =IF(COUNTA(A11:V11)=0,"",N(M11)/2+N(N11)/3+N(O11)+N(P11)*1.5+N(Q11)/5+N(R11)*2-N(I11)-N(K11)*0.5-N(L11)) -> 1
A12: CARD-PLAN-001 | B12: 調度 | C12: Draft | D12: Planning | E12: Unrestricted | F12: Early | G12: Common | H12: Building Craft | I12: 1 | K12: 0 | L12: 0 | M12: 0 | N12: 0 | O12: 0 | P12: 0 | Q12: 0 | R12: 1 | S12: 獲得 1 次卡牌替換機會。 | U12: 情報中心給玩家整理牌組的工具。 | V12: 替換機會是否太容易洗掉弱牌。 | W12: =IF(COUNTA(A12:V12)=0,"",N(M12)/2+N(N12)/3+N(O12)+N(P12)*1.5+N(Q12)/5+N(R12)*2-N(I12)-N(K12)*0.5-N(L12)) -> 1
A13: CARD-ZOM-001 | B13: 徘徊殭屍 | C13: Draft | D13: Zombie | E13: Additive | F13: Early | G13: Common | H13: Exploration Pack | I13: 0 | K13: 0 | L13: 0 | M13: 0 | N13: 0 | O13: 0 | P13: 0 | Q13: -2 | R13: 0 | S13: 抽到時自動生成殭屍威脅並補抽。 | T13: 輪末未清會扣士氣。 | U13: 讓探索與事件帶來非正規牌組壓力。 | V13: 附加卡是否不會形成第 4 回合。 | W13: =IF(COUNTA(A13:V13)=0,"",N(M13)/2+N(N13)/3+N(O13)+N(P13)*1.5+N(Q13)/5+N(R13)*2-N(I13)-N(K13)*0.5-N(L13)) -> -0.4
B14: 零食 | C14: Draft | D14: Food | E14: Food | F14: Early | G14: Common | H14: Small Food Pack | I14: 1 | J14: 2 | M14: 2 | S14: 食物 +2 | U14: 標準的獲取食物 | V14: 是否符合1~20天的需求 | W14: =IF(COUNTA(A14:V14)=0,"",N(M14)/2+N(N14)/3+N(O14)+N(P14)*1.5+N(Q14)/5+N(R14)*2-N(I14)-N(K14)*0.5-N(L14)) -> 0
B15: 罐頭 | C15: Draft | D15: Food | E15: Food | F15: Early | G15: Common | H15: Small Food Pack | I15: 2 | J15: 4 | M15: 3 | S15: 食物+3 | U15: 比標準-1的食物獲取，但可使用次數高 | V15: 是否符合1~20天的需求 | W15: =IF(COUNTA(A15:V15)=0,"",N(M15)/2+N(N15)/3+N(O15)+N(P15)*1.5+N(Q15)/5+N(R15)*2-N(I15)-N(K15)*0.5-N(L15)) -> -0.5
B16: 飲料 | C16: Draft | D16: Food | E16: Food | F16: Early | G16: Common | H16: Small Food Pack | I16: 1 | J16: 1 | M16: 2 | Q16: 2 | S16: 獲取士氣+2 | U16: 比較標準稀有一點的食物 | V16: 是否符合1~20天的需求 | W16: =IF(COUNTA(A16:V16)=0,"",N(M16)/2+N(N16)/3+N(O16)+N(P16)*1.5+N(Q16)/5+N(R16)*2-N(I16)-N(K16)*0.5-N(L16)) -> 0.4
B17: 貨架搜刮 | C17: Draft | D17: Food | E17: Food | F17: Early | G17: Rare | H17: Small Food Pack | I17: 2 | J17: 2 | M17: 6 | S17: 獲取食物+6 | U17: 較高稀有度的食物 | V17: 是否符合1~20天的需求 | W17: =IF(COUNTA(A17:V17)=0,"",N(M17)/2+N(N17)/3+N(O17)+N(P17)*1.5+N(Q17)/5+N(R17)*2-N(I17)-N(K17)*0.5-N(L17)) -> 1 | X17: 稀有度較高，超商、便利商店限定
B18: 可用零件 | C18: Draft | D18: Resource | E18: Resource | F18: Early | G18: Common | H18: Small Resource Pack | I18: 1 | J18: 4 | O18: 1 | S18: 獲得資源+1 | U18: 標準的獲取資源 | V18: 是否符合1~20天的建築升級需求 | W18: =IF(COUNTA(A18:V18)=0,"",N(M18)/2+N(N18)/3+N(O18)+N(P18)*1.5+N(Q18)/5+N(R18)*2-N(I18)-N(K18)*0.5-N(L18)) -> 0
W19: =IF(COUNTA(A19:V19)=0,"",N(M19)/2+N(N19)/3+N(O19)+N(P19)*1.5+N(Q19)/5+N(R19)*2-N(I19)-N(K19)*0.5-N(L19))
B20: 拆除家具 | C20: Draft | D20: Resource | E20: Resource | F20: Early | G20: Common | H20: Small Resource Pack | I20: 2 | J20: 1 | O20: 4 | U20: 單次高收益，一次只會出現一張 | V20: 是否符合1~20天的建築升級需求 | W20: =IF(COUNTA(A20:V20)=0,"",N(M20)/2+N(N20)/3+N(O20)+N(P20)*1.5+N(Q20)/5+N(R20)*2-N(I20)-N(K20)*0.5-N(L20)) -> 2
B21: 上鎖倉庫間 | C21: Draft | D21: Resource | E21: Resource | F21: Early | G21: Rare | H21: Small Resource Pack | I21: 4 | J21: 1 | O21: 10 | U21: 單次極高收益，但難以打出 | V21: 是否符合1~30天的建築升級需求 | W21: =IF(COUNTA(A21:V21)=0,"",N(M21)/2+N(N21)/3+N(O21)+N(P21)*1.5+N(Q21)/5+N(R21)*2-N(I21)-N(K21)*0.5-N(L21)) -> 6 | X21: 稀有度較高，倉庫限定
B22: 調度工具 | C22: Draft | D22: Other | E22: Unrestricted | F22: Early | G22: Common | H22: Small Tool Pack | I22: 0 | J22: 2 | S22: 選擇一張抽牌堆中的牌加入手中，填入一張休憩至抽牌堆 | U22: 用於調度想在此回合打出的牌 | V22: 是否真正可以幫助到玩家 | W22: =IF(COUNTA(A22:V22)=0,"",N(M22)/2+N(N22)/3+N(O22)+N(P22)*1.5+N(Q22)/5+N(R22)*2-N(I22)-N(K22)*0.5-N(L22)) -> 0
B23: 休憩 | C23: Draft | D23: Other | E23: Unrestricted | F23: Early | G23: Default | H23: Effect Refill | I23: 0 | S23: 無法打出 | U23: 用於使抽取或檢索用途卡牌，使其卡組合規 | V23: 是否真正可以幫助到玩家 | W23: =IF(COUNTA(A23:V23)=0,"",N(M23)/2+N(N23)/3+N(O23)+N(P23)*1.5+N(Q23)/5+N(R23)*2-N(I23)-N(K23)*0.5-N(L23)) -> 0
B24: 效率至上 | C24: Draft | D24: Other | E24: Unrestricted | F24: Early | G24: Common | H24: Small Tool Pack | I24: 0 | J24: 1 | S24: 獲得1點能量 | U24: 用於使高費卡牌可在前期打出 | V24: 是否真正可以幫助到玩家 | W24: =IF(COUNTA(A24:V24)=0,"",N(M24)/2+N(N24)/3+N(O24)+N(P24)*1.5+N(Q24)/5+N(R24)*2-N(I24)-N(K24)*0.5-N(L24)) -> 0
B25: 效率安排 | C25: Draft | D25: Other | E25: Unrestricted | F25: Early | G25: Rare | H25: Small Tool Pack | I25: 2 | J25: 2 | S25: 其他手牌的能量減少1 | U25: 使低費卡牌的效率提升 | V25: 是否真正可以幫助到玩家 | W25: =IF(COUNTA(A25:V25)=0,"",N(M25)/2+N(N25)/3+N(O25)+N(P25)*1.5+N(Q25)/5+N(R25)*2-N(I25)-N(K25)*0.5-N(L25)) -> -2
B26: 撬棍 | C26: Draft | D26: Combat | E26: Combat | F26: Early | G26: Common | H26: Small Weapon Pack | I26: 2 | J26: 4 | P26: 2 | S26: 戰鬥力+2 | U26: 效率較高的戰鬥卡 | V26: 是否可提供足夠戰鬥值以應付1~20天的殭屍威脅 | W26: =IF(COUNTA(A26:V26)=0,"",N(M26)/2+N(N26)/3+N(O26)+N(P26)*1.5+N(Q26)/5+N(R26)*2-N(I26)-N(K26)*0.5-N(L26)) -> 1
B27: 消防斧 | C27: Draft | D27: Combat | E27: Combat | F27: Early | G27: Rare | H27: Small Weapon Pack | I27: 2 | J27: 2 | P27: 4 | S27: 戰鬥力+4 | U27: 效率極高的戰鬥卡 | V27: 是否可以提供臨時戰鬥值以應付臨時出現的屍潮 | W27: =IF(COUNTA(A27:V27)=0,"",N(M27)/2+N(N27)/3+N(O27)+N(P27)*1.5+N(Q27)/5+N(R27)*2-N(I27)-N(K27)*0.5-N(L27)) -> 4
W28: =IF(COUNTA(A28:V28)=0,"",N(M28)/2+N(N28)/3+N(O28)+N(P28)*1.5+N(Q28)/5+N(R28)*2-N(I28)-N(K28)*0.5-N(L28))
W29: =IF(COUNTA(A29:V29)=0,"",N(M29)/2+N(N29)/3+N(O29)+N(P29)*1.5+N(Q29)/5+N(R29)*2-N(I29)-N(K29)*0.5-N(L29))
W30: =IF(COUNTA(A30:V30)=0,"",N(M30)/2+N(N30)/3+N(O30)+N(P30)*1.5+N(Q30)/5+N(R30)*2-N(I30)-N(K30)*0.5-N(L30))
W31: =IF(COUNTA(A31:V31)=0,"",N(M31)/2+N(N31)/3+N(O31)+N(P31)*1.5+N(Q31)/5+N(R31)*2-N(I31)-N(K31)*0.5-N(L31))
W32: =IF(COUNTA(A32:V32)=0,"",N(M32)/2+N(N32)/3+N(O32)+N(P32)*1.5+N(Q32)/5+N(R32)*2-N(I32)-N(K32)*0.5-N(L32))
W33: =IF(COUNTA(A33:V33)=0,"",N(M33)/2+N(N33)/3+N(O33)+N(P33)*1.5+N(Q33)/5+N(R33)*2-N(I33)-N(K33)*0.5-N(L33))
W34: =IF(COUNTA(A34:V34)=0,"",N(M34)/2+N(N34)/3+N(O34)+N(P34)*1.5+N(Q34)/5+N(R34)*2-N(I34)-N(K34)*0.5-N(L34))
W35: =IF(COUNTA(A35:V35)=0,"",N(M35)/2+N(N35)/3+N(O35)+N(P35)*1.5+N(Q35)/5+N(R35)*2-N(I35)-N(K35)*0.5-N(L35))
W36: =IF(COUNTA(A36:V36)=0,"",N(M36)/2+N(N36)/3+N(O36)+N(P36)*1.5+N(Q36)/5+N(R36)*2-N(I36)-N(K36)*0.5-N(L36))
W37: =IF(COUNTA(A37:V37)=0,"",N(M37)/2+N(N37)/3+N(O37)+N(P37)*1.5+N(Q37)/5+N(R37)*2-N(I37)-N(K37)*0.5-N(L37))
W38: =IF(COUNTA(A38:V38)=0,"",N(M38)/2+N(N38)/3+N(O38)+N(P38)*1.5+N(Q38)/5+N(R38)*2-N(I38)-N(K38)*0.5-N(L38))
W39: =IF(COUNTA(A39:V39)=0,"",N(M39)/2+N(N39)/3+N(O39)+N(P39)*1.5+N(Q39)/5+N(R39)*2-N(I39)-N(K39)*0.5-N(L39))
... W105: =IF(COUNTA(A105:V105)=0,"",N(M105)/2+N(N105)/3+N(O105)+N(P105)*1.5+N(Q105)/5+N(R105)*2-N(I105)-N(K105)*0.5-N(L105))

Sheet Event Schedule
A1: 事件ID | B1: 事件名稱 | C1: 事件分類 | D1: 正負分類 | E1: 影響程度 | F1: 最早 | G1: 最晚天數 | H1: 權重1~100 | I1: 是否一局一次 | J1: 冷卻天數 | K1: 前置條件 | L1: 特殊規則 | M1: 選擇欄位1 | N1: 選擇欄位2 | O1: 選擇欄位3 | P1: 文本 | Q1: 選擇欄位1文本 | R1: 選擇欄位2文本 | S1: 選擇欄位3文本 | T1: 選擇欄位1內容文本 | U1: 選擇欄位2 內容文本 | V1: 選擇欄位3內容文本 | W1: 欄18 | X1: 欄19 | Y1: 欄20 | Z1: 欄21
B2: 食物受潮 | C2: 資源 | D2: 負面 | E2: 小 | F2: 3 | G2: 20 | H2: 15 | I2: 否 | J2: 5 | L2: 若倉庫等級>=2則不會發生 | M2: 食物-(現存食物的20%-倉庫等級-10%) | N2: 士氣-5 | Q2: 丟棄食物 | R2: 置之不理
B3: 飢餓倖存者 | C3: 倖存者 | D3: 混合 | E3: 中 | F3: 1 | G3: 20 | H3: 40 | I3: 否 | J3: 8 | L3: 若食物庫存>=食物上限50% 權重*5 | M3: 每日需求+(2*已幫助人數) 最大能量增加1點 | N3: 減少(min(現有10%,2) )食物 增加(消耗食物*2)點士氣 | O3: 士氣-5 | Q3: 加入我們 | R3: 選擇幫助 | S3: 忽視請求
B4: 夜間低溫 | C4: 資源 | D4: 混和偏負面 | E4: 小 | F4: 3 | G4: 20 | H4: 30 | I4: 否 | J4: 5 | M4: 減少(最大能量)點資源 | N4: 減少(最大能量*2的食物) 增加(最大能量)點士氣 | O4: 減少(最大能量)點士氣 | Q4: 增添暖爐 | R4: 夜晚的熱湯 | S4: 無能為力
B5: 發現補給品 | C5: 資源 | D5: 正面 | E5: 小 | F5: 5 | G5: 20 | H5: 40 | I5: 否 | J5: 7 | L5: 文本上顯示都是開啟補給箱 三者隨機打亂顯示 | M5: 獲得(50%資源卡包、50%食物卡包) | N5: 獲得(食物上限20%的食物)與(食物上限10%的資源) | O5: 獲得(消防斧*2) | Q5: 開啟補給箱(卡包) | R5: 開啟補給箱(資源) | S5: 開啟補給箱(特定戰鬥卡)
B6: 工具損耗 | C6: 資源 | D6: 負面 | E6: 中 | F6: 4 | G6: 20 | H6: 30 | I6: 否 | J6: 4 | M6: 減少(最大能量)點資源 | N6: 50%無事發生 50%下一輪效率-1 | O6: 下一輪無法打出食物與資源卡 獲得2點資源 | Q6: 修理 | R6: 嘗試敲打 | S6: 回收零件
B7: 臨時修繕 | C7: 資源 | D7: 混合偏負面 | E7: 中 | F7: 4 | G7: 20 | H7: 30 | I7: 否 | J7: 5 | M7: 消耗(最大能量*2)點資源 (最大能量)點戰鬥值 | N7: 消耗(最大能量)點資源 下一輪的戰鬥卡獲得的戰鬥值+1 | O7: 戰鬥值-2 | Q7: 加固外牆 | R7: 加強警戒 | S7: 簡單填補
B8: 遠處槍聲 | C8: 殭屍 | D8: 負面 | E8: 中高 | F8: 5 | G8: 20 | H8: 25 | I8: 否 | J8: 5 | L8: 屍群逼近的權重增加50 | M8: 消耗(最大能量)點資源與消耗(最大能量*2)點食物(無論飢餓倖存者有沒有在冷卻，下一次的事件為飢餓倖存者) | N8: 士氣減少5 | O8: 新增一張僵屍卡進入棄牌堆 | Q8: 派人查看 | R8: 加強警戒 | S8: 忽視
B9: 屍群逼近 | C9: 殭屍 | D9: 混合 | E9: 低 | F9: 8 | G9: 20 | H9: 70 | I9: 否 | J9: 8 | M9: 減少(最大能量*2)點資源 獲得(最大能量)點戰鬥值 | N9: 減少(最大能量*2)點食物 獲得下次屍群來臨的詳細資訊 殭屍威脅-(最大能量)點 | O9: 無事發生 | Q9: 加強警戒 | R9: 派人偵查 | S9: 靜待來臨
B10: 路線錯判 | C10: 效果 | D10: 負面 | E10: 低 | F10: 4 | G10: 20 | H10: 30 | I10: 否 | J10: 5 | M10: 減少(最大能量*3)點士氣 | N10: 下一輪無法打出探索卡 | Q10: 繼續前進 | R10: 撤退
B11: 可疑信號 | C11: 混和/劇情 | D11: 正面 | E11: 高 | F11: 10 | G11: 20 | H11: 50 | I11: 是 | J11: 無 | M11: 下一次的屍群來臨難度翻倍 (分數翻倍+顯示最後出現屍群的時間) | N11: 無事發生 | Q11: 接收信號 | R11: 摧毀無線電
B12: 破損路障 | C12: 效果 | D12: 負面 | E12: 低 | F12: 5 | G12: 20 | H12: 30 | I12: 否 | J12: 6 | M12: 下一輪打出的探索卡能量翻倍 | N12: 減少(最大能量值)點資源 | Q12: 臨時改道 | R12: 製作工具
B13: 廢棄地圖 | C13: 劇情 | D13: 正面 | E13: 高 | F13: 10 | G13: 20 | H13: 50 | I13: 否 | J13: 10 | L13: 若該輪有打出探索卡 權重增加+50 冷卻-1 | M13: 新增地點供探索卡探索 | N13: 舊地點的探索值增加 | O13: 殭屍威脅減少(最大能量)點 | Q13: 查看新地點 | R13: 確認舊地點 | S13: 標註威脅點
B14: 雲朗天清 | C14: 混和/效果 | D14: 正面 | E14: 低 | F14: 1 | G14: 10 | H14: 10 | I14: 否 | J14: 無 | L14: 助長士氣只能在食物>食物上限50%時才能選擇 | M14: 減少(食物上限30)%點食物 增加(被消耗的食物*2)點士氣 | N14: 下一輪的效率-1 增加(最大能量)點士氣 | O14: 無事發生 | Q14: 助長士氣 | R14: 休假放鬆 | S14: 一如既往
B15: 屍群來臨 | C15: 殭屍 | D15: 負面 | E15: 高 | F15: 11 | G15: 20 | H15: 50 | I15: 否 | J15: 無 | K15: 每次屍群逼近之後才可出現一次， | L15: 在屍群逼近後每天增加此權重50 | M15: 根據殭屍威脅給予對應難度的殭屍卡數量 | Q15: 背水一戰

Sheet Region Design
A1: Region ID | B1: 地區名稱 | C1: 階級 | D1: 基礎危險 | E1: 殭屍總量 | F1: 基礎遭遇率 | G1: 每次熱度 | H1: 每日衰減 | I1: 欄9 | J1: 欄10 | K1: 欄11 | L1: 欄12 | M1: 欄13 | N1: 欄14 | O1: 欄15 | P1: 欄16 | Q1: 欄17 | R1: 欄18 | S1: 欄19 | T1: 欄20 | U1: 欄21 | V1: 欄22 | W1: 欄23 | X1: 欄24 | Y1: 欄25 | Z1: 欄26
A2: REGION-001 | B2: 廢棄超市 | C2: 初級 | D2: 低 | E2: 2 | F2: 0.15 | G2: 0.1 | H2: 0.1
A3: REGION-002 | B3: 住宅區 | C3: 初級 | D3: 低 | E3: 2 | F3: 0.15 | G3: 0.1 | H3: 0.1
A4: REGION-003 | B4: 消防局 | C4: 初級 | D4: 中 | E4: 3 | F4: 0.3 | G4: 0.1 | H4: 0.1
A5: REGION-004 | B5: 五金行 | C5: 中級 | D5: 高 | E5: 4 | F5: 0.45 | G5: 0.15 | H5: 0.1
A6: REGION-005 | B6: 倉庫 | C6: 中級 | D6: 高 | E6: 6 | F6: 0.45 | G6: 0.15 | H6: 0.15

Sheet Region CardPack Design
A1: Region ID | B1: Pack ID | C1: 卡包名稱 | D1: 地區供應稀有度 | E1: 初始數量 | F1: 基礎權重 | G1: 模擬剩餘數量 | H1: 地區名稱 | I1: 首次 Pack ID | J1: 當前權重 | K1: 當前機率 | L1: 欄12 | M1: 欄13 | N1: 欄14 | O1: 欄15 | P1: 欄16 | Q1: 欄17 | R1: 欄18 | S1: 欄19 | T1: 欄20 | U1: 欄21 | V1: 欄22 | W1: 欄23 | X1: 欄24 | Y1: 欄25 | Z1: 欄26
A2: REGION-001 | B2: =IF(C2="","",IFERROR(INDEX($B$1:B1,MATCH(C2,$C$1:C1,0)),I2)) -> PACK-COMMON-FOOD-01 | C2: 簡易食物包 | D2: 普通 | E2: 4 | F2: 70 | G2: 4 | H2: =IF(A2="","",IFERROR(INDEX('Region Design'!$B$2:$B$100,MATCH(A2,'Region Design'!$A$2:$A$100,0)),"找不到地區")) -> 廢棄超市 | I2: PACK-COMMON-FOOD-01 | J2: =IF(A2="","",IFERROR(F2*G2/E2,0)) -> 70 | K2: =IF(A2="","",IFERROR(J2/SUMIF($A$2:$A$100,A2,$J$2:$J$100),0)) -> 0.7
A3: REGION-001 | B3: =IF(C3="","",IFERROR(INDEX($B$1:B2,MATCH(C3,$C$1:C2,0)),I3)) -> PACK-UNCOMMON-FOOD-01 | C3: 罕見食物包 | D3: 稀有 | E3: 2 | F3: 25 | G3: 2 | H3: =IF(A3="","",IFERROR(INDEX('Region Design'!$B$2:$B$100,MATCH(A3,'Region Design'!$A$2:$A$100,0)),"找不到地區")) -> 廢棄超市 | I3: PACK-UNCOMMON-FOOD-01 | J3: =IF(A3="","",IFERROR(F3*G3/E3,0)) -> 25 | K3: =IF(A3="","",IFERROR(J3/SUMIF($A$2:$A$100,A3,$J$2:$J$100),0)) -> 0.25
A4: REGION-001 | B4: =IF(C4="","",IFERROR(INDEX($B$1:B3,MATCH(C4,$C$1:C3,0)),I4)) -> PACK-RARE-SUPPLY-01 | C4: 稀有補給包 | D4: 極稀有 | E4: 1 | F4: 5 | G4: 1 | H4: =IF(A4="","",IFERROR(INDEX('Region Design'!$B$2:$B$100,MATCH(A4,'Region Design'!$A$2:$A$100,0)),"找不到地區")) -> 廢棄超市 | I4: PACK-RARE-SUPPLY-01 | J4: =IF(A4="","",IFERROR(F4*G4/E4,0)) -> 5 | K4: =IF(A4="","",IFERROR(J4/SUMIF($A$2:$A$100,A4,$J$2:$J$100),0)) -> 0.05
A5: REGION-002 | B5: =IF(C5="","",IFERROR(INDEX($B$1:B4,MATCH(C5,$C$1:C4,0)),I5)) -> PACK-COMMON-RESOURCE-01 | C5: 簡易資源包 | D5: 普通 | E5: 2 | F5: 35 | G5: 2 | H5: =IF(A5="","",IFERROR(INDEX('Region Design'!$B$2:$B$100,MATCH(A5,'Region Design'!$A$2:$A$100,0)),"找不到地區")) -> 住宅區 | I5: PACK-COMMON-RESOURCE-01 | J5: =IF(A5="","",IFERROR(F5*G5/E5,0)) -> 35 | K5: =IF(A5="","",IFERROR(J5/SUMIF($A$2:$A$100,A5,$J$2:$J$100),0)) -> 0.35
A6: REGION-002 | B6: =IF(C6="","",IFERROR(INDEX($B$1:B5,MATCH(C6,$C$1:C5,0)),I6)) -> PACK-COMMON-FOOD-01 | C6: 簡易食物包 | D6: 普通 | E6: 2 | F6: 35 | G6: 2 | H6: =IF(A6="","",IFERROR(INDEX('Region Design'!$B$2:$B$100,MATCH(A6,'Region Design'!$A$2:$A$100,0)),"找不到地區")) -> 住宅區 | J6: =IF(A6="","",IFERROR(F6*G6/E6,0)) -> 35 | K6: =IF(A6="","",IFERROR(J6/SUMIF($A$2:$A$100,A6,$J$2:$J$100),0)) -> 0.35
A7: REGION-002 | B7: =IF(C7="","",IFERROR(INDEX($B$1:B6,MATCH(C7,$C$1:C6,0)),I7)) -> PACK-UNCOMMON-RESOURCE-01 | C7: 罕見資源包 | D7: 稀有 | E7: 2 | F7: 25 | G7: 2 | H7: =IF(A7="","",IFERROR(INDEX('Region Design'!$B$2:$B$100,MATCH(A7,'Region Design'!$A$2:$A$100,0)),"找不到地區")) -> 住宅區 | I7: PACK-UNCOMMON-RESOURCE-01 | J7: =IF(A7="","",IFERROR(F7*G7/E7,0)) -> 25 | K7: =IF(A7="","",IFERROR(J7/SUMIF($A$2:$A$100,A7,$J$2:$J$100),0)) -> 0.25
A8: REGION-002 | B8: =IF(C8="","",IFERROR(INDEX($B$1:B7,MATCH(C8,$C$1:C7,0)),I8)) -> PACK-REGION-002-01 | C8: 住宅包 | D8: 極稀有 | E8: 1 | F8: 5 | G8: 1 | H8: =IF(A8="","",IFERROR(INDEX('Region Design'!$B$2:$B$100,MATCH(A8,'Region Design'!$A$2:$A$100,0)),"找不到地區")) -> 住宅區 | I8: PACK-REGION-002-01 | J8: =IF(A8="","",IFERROR(F8*G8/E8,0)) -> 5 | K8: =IF(A8="","",IFERROR(J8/SUMIF($A$2:$A$100,A8,$J$2:$J$100),0)) -> 0.05
A9: REGION-003 | B9: =IF(C9="","",IFERROR(INDEX($B$1:B8,MATCH(C9,$C$1:C8,0)),I9)) -> PACK-COMMON-RESOURCE-01 | C9: 簡易資源包 | D9: 普通 | E9: 4 | F9: 70 | G9: 4 | H9: =IF(A9="","",IFERROR(INDEX('Region Design'!$B$2:$B$100,MATCH(A9,'Region Design'!$A$2:$A$100,0)),"找不到地區")) -> 消防局 | J9: =IF(A9="","",IFERROR(F9*G9/E9,0)) -> 70 | K9: =IF(A9="","",IFERROR(J9/SUMIF($A$2:$A$100,A9,$J$2:$J$100),0)) -> 0.7
A10: REGION-003 | B10: =IF(C10="","",IFERROR(INDEX($B$1:B9,MATCH(C10,$C$1:C9,0)),I10)) -> PACK-UNCOMMON-RESOURCE-01 | C10: 罕見資源包 | D10: 稀有 | E10: 2 | F10: 25 | G10: 2 | H10: =IF(A10="","",IFERROR(INDEX('Region Design'!$B$2:$B$100,MATCH(A10,'Region Design'!$A$2:$A$100,0)),"找不到地區")) -> 消防局 | J10: =IF(A10="","",IFERROR(F10*G10/E10,0)) -> 25 | K10: =IF(A10="","",IFERROR(J10/SUMIF($A$2:$A$100,A10,$J$2:$J$100),0)) -> 0.25
A11: REGION-003 | B11: =IF(C11="","",IFERROR(INDEX($B$1:B10,MATCH(C11,$C$1:C10,0)),I11)) -> PACK-FireDepartment-01 | C11: 消防局包 | D11: 極稀有 | E11: 1 | F11: 5 | G11: 1 | H11: =IF(A11="","",IFERROR(INDEX('Region Design'!$B$2:$B$100,MATCH(A11,'Region Design'!$A$2:$A$100,0)),"找不到地區")) -> 消防局 | I11: PACK-FireDepartment-01 | J11: =IF(A11="","",IFERROR(F11*G11/E11,0)) -> 5 | K11: =IF(A11="","",IFERROR(J11/SUMIF($A$2:$A$100,A11,$J$2:$J$100),0)) -> 0.05
A12: REGION-004 | B12: =IF(C12="","",IFERROR(INDEX($B$1:B11,MATCH(C12,$C$1:C11,0)),I12)) -> PACK-COMMON-RESOURCE-01 | C12: 簡易資源包 | D12: 普通 | E12: 3 | F12: 60 | G12: 3 | H12: =IF(A12="","",IFERROR(INDEX('Region Design'!$B$2:$B$100,MATCH(A12,'Region Design'!$A$2:$A$100,0)),"找不到地區")) -> 五金行 | J12: =IF(A12="","",IFERROR(F12*G12/E12,0)) -> 60 | K12: =IF(A12="","",IFERROR(J12/SUMIF($A$2:$A$100,A12,$J$2:$J$100),0)) -> 0.6
A13: REGION-004 | B13: =IF(C13="","",IFERROR(INDEX($B$1:B12,MATCH(C13,$C$1:C12,0)),I13)) -> PACK-UNCOMMON-RESOURCE-01 | C13: 罕見資源包 | D13: 稀有 | E13: 3 | F13: 30 | G13: 3 | H13: =IF(A13="","",IFERROR(INDEX('Region Design'!$B$2:$B$100,MATCH(A13,'Region Design'!$A$2:$A$100,0)),"找不到地區")) -> 五金行 | J13: =IF(A13="","",IFERROR(F13*G13/E13,0)) -> 30 | K13: =IF(A13="","",IFERROR(J13/SUMIF($A$2:$A$100,A13,$J$2:$J$100),0)) -> 0.3
A14: REGION-004 | B14: =IF(C14="","",IFERROR(INDEX($B$1:B13,MATCH(C14,$C$1:C13,0)),I14)) -> PACK-RARE-RESOURCE-01 | C14: 稀有資源包 | D14: 極稀有 | E14: 2 | F14: 10 | G14: 2 | H14: =IF(A14="","",IFERROR(INDEX('Region Design'!$B$2:$B$100,MATCH(A14,'Region Design'!$A$2:$A$100,0)),"找不到地區")) -> 五金行 | I14: PACK-RARE-RESOURCE-01 | J14: =IF(A14="","",IFERROR(F14*G14/E14,0)) -> 10 | K14: =IF(A14="","",IFERROR(J14/SUMIF($A$2:$A$100,A14,$J$2:$J$100),0)) -> 0.1
A15: REGION-005 | B15: =IF(C15="","",IFERROR(INDEX($B$1:B14,MATCH(C15,$C$1:C14,0)),I15)) -> PACK-UNCOMMON-FOOD-01 | C15: 罕見食物包 | D15: 普通 | E15: 4 | F15: 35 | G15: 4 | H15: =IF(A15="","",IFERROR(INDEX('Region Design'!$B$2:$B$100,MATCH(A15,'Region Design'!$A$2:$A$100,0)),"找不到地區")) -> 倉庫 | J15: =IF(A15="","",IFERROR(F15*G15/E15,0)) -> 35 | K15: =IF(A15="","",IFERROR(J15/SUMIF($A$2:$A$100,A15,$J$2:$J$100),0)) -> 0.35
A16: REGION-005 | B16: =IF(C16="","",IFERROR(INDEX($B$1:B15,MATCH(C16,$C$1:C15,0)),I16)) -> PACK-UNCOMMON-RESOURCE-01 | C16: 罕見資源包 | D16: 普通 | E16: 4 | F16: 35 | G16: 4 | H16: =IF(A16="","",IFERROR(INDEX('Region Design'!$B$2:$B$100,MATCH(A16,'Region Design'!$A$2:$A$100,0)),"找不到地區")) -> 倉庫 | J16: =IF(A16="","",IFERROR(F16*G16/E16,0)) -> 35 | K16: =IF(A16="","",IFERROR(J16/SUMIF($A$2:$A$100,A16,$J$2:$J$100),0)) -> 0.35
A17: REGION-005 | B17: =IF(C17="","",IFERROR(INDEX($B$1:B16,MATCH(C17,$C$1:C16,0)),I17)) -> PACK-RARE-SUPPLY-01 | C17: 稀有補給包 | D17: 稀有 | E17: 3 | F17: 25 | G17: 3 | H17: =IF(A17="","",IFERROR(INDEX('Region Design'!$B$2:$B$100,MATCH(A17,'Region Design'!$A$2:$A$100,0)),"找不到地區")) -> 倉庫 | J17: =IF(A17="","",IFERROR(F17*G17/E17,0)) -> 25 | K17: =IF(A17="","",IFERROR(J17/SUMIF($A$2:$A$100,A17,$J$2:$J$100),0)) -> 0.25
A18: REGION-005 | B18: =IF(C18="","",IFERROR(INDEX($B$1:B17,MATCH(C18,$C$1:C17,0)),I18)) -> PACK-STOREHOUSE-01 | C18: 倉庫包 | D18: 極稀有 | E18: 2 | F18: 5 | G18: 2 | H18: =IF(A18="","",IFERROR(INDEX('Region Design'!$B$2:$B$100,MATCH(A18,'Region Design'!$A$2:$A$100,0)),"找不到地區")) -> 倉庫 | I18: PACK-STOREHOUSE-01 | J18: =IF(A18="","",IFERROR(F18*G18/E18,0)) -> 5 | K18: =IF(A18="","",IFERROR(J18/SUMIF($A$2:$A$100,A18,$J$2:$J$100),0)) -> 0.05
B19: =IF(C19="","",IFERROR(INDEX($B$1:B18,MATCH(C19,$C$1:C18,0)),I19)) | H19: =IF(A19="","",IFERROR(INDEX('Region Design'!$B$2:$B$100,MATCH(A19,'Region Design'!$A$2:$A$100,0)),"找不到地區")) | J19: =IF(A19="","",IFERROR(F19*G19/E19,0)) | K19: =IF(A19="","",IFERROR(J19/SUMIF($A$2:$A$100,A19,$J$2:$J$100),0))
B20: =IF(C20="","",IFERROR(INDEX($B$1:B19,MATCH(C20,$C$1:C19,0)),I20)) | H20: =IF(A20="","",IFERROR(INDEX('Region Design'!$B$2:$B$100,MATCH(A20,'Region Design'!$A$2:$A$100,0)),"找不到地區")) | J20: =IF(A20="","",IFERROR(F20*G20/E20,0)) | K20: =IF(A20="","",IFERROR(J20/SUMIF($A$2:$A$100,A20,$J$2:$J$100),0))
B21: =IF(C21="","",IFERROR(INDEX($B$1:B20,MATCH(C21,$C$1:C20,0)),I21)) | H21: =IF(A21="","",IFERROR(INDEX('Region Design'!$B$2:$B$100,MATCH(A21,'Region Design'!$A$2:$A$100,0)),"找不到地區")) | J21: =IF(A21="","",IFERROR(F21*G21/E21,0)) | K21: =IF(A21="","",IFERROR(J21/SUMIF($A$2:$A$100,A21,$J$2:$J$100),0))
B22: =IF(C22="","",IFERROR(INDEX($B$1:B21,MATCH(C22,$C$1:C21,0)),I22)) | H22: =IF(A22="","",IFERROR(INDEX('Region Design'!$B$2:$B$100,MATCH(A22,'Region Design'!$A$2:$A$100,0)),"找不到地區")) | J22: =IF(A22="","",IFERROR(F22*G22/E22,0)) | K22: =IF(A22="","",IFERROR(J22/SUMIF($A$2:$A$100,A22,$J$2:$J$100),0))
B23: =IF(C23="","",IFERROR(INDEX($B$1:B22,MATCH(C23,$C$1:C22,0)),I23)) | H23: =IF(A23="","",IFERROR(INDEX('Region Design'!$B$2:$B$100,MATCH(A23,'Region Design'!$A$2:$A$100,0)),"找不到地區")) | J23: =IF(A23="","",IFERROR(F23*G23/E23,0)) | K23: =IF(A23="","",IFERROR(J23/SUMIF($A$2:$A$100,A23,$J$2:$J$100),0))
B24: =IF(C24="","",IFERROR(INDEX($B$1:B23,MATCH(C24,$C$1:C23,0)),I24)) | H24: =IF(A24="","",IFERROR(INDEX('Region Design'!$B$2:$B$100,MATCH(A24,'Region Design'!$A$2:$A$100,0)),"找不到地區")) | J24: =IF(A24="","",IFERROR(F24*G24/E24,0)) | K24: =IF(A24="","",IFERROR(J24/SUMIF($A$2:$A$100,A24,$J$2:$J$100),0))
B25: =IF(C25="","",IFERROR(INDEX($B$1:B24,MATCH(C25,$C$1:C24,0)),I25)) | H25: =IF(A25="","",IFERROR(INDEX('Region Design'!$B$2:$B$100,MATCH(A25,'Region Design'!$A$2:$A$100,0)),"找不到地區")) | J25: =IF(A25="","",IFERROR(F25*G25/E25,0)) | K25: =IF(A25="","",IFERROR(J25/SUMIF($A$2:$A$100,A25,$J$2:$J$100),0))
B26: =IF(C26="","",IFERROR(INDEX($B$1:B25,MATCH(C26,$C$1:C25,0)),I26)) | H26: =IF(A26="","",IFERROR(INDEX('Region Design'!$B$2:$B$100,MATCH(A26,'Region Design'!$A$2:$A$100,0)),"找不到地區")) | J26: =IF(A26="","",IFERROR(F26*G26/E26,0)) | K26: =IF(A26="","",IFERROR(J26/SUMIF($A$2:$A$100,A26,$J$2:$J$100),0))
B27: =IF(C27="","",IFERROR(INDEX($B$1:B26,MATCH(C27,$C$1:C26,0)),I27)) | H27: =IF(A27="","",IFERROR(INDEX('Region Design'!$B$2:$B$100,MATCH(A27,'Region Design'!$A$2:$A$100,0)),"找不到地區")) | J27: =IF(A27="","",IFERROR(F27*G27/E27,0)) | K27: =IF(A27="","",IFERROR(J27/SUMIF($A$2:$A$100,A27,$J$2:$J$100),0))
B28: =IF(C28="","",IFERROR(INDEX($B$1:B27,MATCH(C28,$C$1:C27,0)),I28)) | H28: =IF(A28="","",IFERROR(INDEX('Region Design'!$B$2:$B$100,MATCH(A28,'Region Design'!$A$2:$A$100,0)),"找不到地區")) | J28: =IF(A28="","",IFERROR(F28*G28/E28,0)) | K28: =IF(A28="","",IFERROR(J28/SUMIF($A$2:$A$100,A28,$J$2:$J$100),0))
B29: =IF(C29="","",IFERROR(INDEX($B$1:B28,MATCH(C29,$C$1:C28,0)),I29)) | H29: =IF(A29="","",IFERROR(INDEX('Region Design'!$B$2:$B$100,MATCH(A29,'Region Design'!$A$2:$A$100,0)),"找不到地區")) | J29: =IF(A29="","",IFERROR(F29*G29/E29,0)) | K29: =IF(A29="","",IFERROR(J29/SUMIF($A$2:$A$100,A29,$J$2:$J$100),0))
B30: =IF(C30="","",IFERROR(INDEX($B$1:B29,MATCH(C30,$C$1:C29,0)),I30)) | H30: =IF(A30="","",IFERROR(INDEX('Region Design'!$B$2:$B$100,MATCH(A30,'Region Design'!$A$2:$A$100,0)),"找不到地區")) | J30: =IF(A30="","",IFERROR(F30*G30/E30,0)) | K30: =IF(A30="","",IFERROR(J30/SUMIF($A$2:$A$100,A30,$J$2:$J$100),0))
... B100: =IF(C100="","",IFERROR(INDEX($B$1:B99,MATCH(C100,$C$1:C99,0)),I100)) | H100: =IF(A100="","",IFERROR(INDEX('Region Design'!$B$2:$B$100,MATCH(A100,'Region Design'!$A$2:$A$100,0)),"找不到地區")) | J100: =IF(A100="","",IFERROR(F100*G100/E100,0)) | K100: =IF(A100="","",IFERROR(J100/SUMIF($A$2:$A$100,A100,$J$2:$J$100),0))

Sheet Balance Baseline
A1: 目前 V1 數值基準與可調假設 | B1: 目前 V1 數值基準與可調假設 | C1: 目前 V1 數值基準與可調假設 | D1: 目前 V1 數值基準與可調假設 | E1: 目前 V1 數值基準與可調假設 | F1: 目前 V1 數值基準與可調假設 | G1: 目前 V1 數值基準與可調假設 | H1: 目前 V1 數值基準與可調假設
A3: 這張表不是絕對答案，是第一版卡牌設計時的尺。若你之後改規則，先改這裡再看 Card Design。 | B3: 這張表不是絕對答案，是第一版卡牌設計時的尺。若你之後改規則，先改這裡再看 Card Design。 | C3: 這張表不是絕對答案，是第一版卡牌設計時的尺。若你之後改規則，先改這裡再看 Card Design。 | D3: 這張表不是絕對答案，是第一版卡牌設計時的尺。若你之後改規則，先改這裡再看 Card Design。 | E3: 這張表不是絕對答案，是第一版卡牌設計時的尺。若你之後改規則，先改這裡再看 Card Design。 | F3: 這張表不是絕對答案，是第一版卡牌設計時的尺。若你之後改規則，先改這裡再看 Card Design。 | G3: 這張表不是絕對答案，是第一版卡牌設計時的尺。若你之後改規則，先改這裡再看 Card Design。 | H3: 這張表不是絕對答案，是第一版卡牌設計時的尺。若你之後改規則，先改這裡再看 Card Design。
A5: 項目 | B5: 目前基準 | C5: 設計意義 | D5: 備註 | F5: 卡牌效率參考 | G5: 建議基準 | H5: 說明
A6: 短局天數 | B6: 20 | C6: 第一版可測完整局長 | D6: 暫定方向 | F6: 標準食物卡 | G6: 2 食物 / 1 能量 | H6: 食物效率的最低尺
A7: 正規牌組大小 | B7: 15 | C7: 每輪 3 Turn，每 Turn 抽 5 張 | D7: 5n 合法性 | F7: 標準資源卡 | G7: 1 資源 / 1 能量 | H7: 建築與製作速度的最低尺
A8: 每 Turn 抽牌 | B8: 5 | C8: 手牌決策密度 | F8: 標準戰鬥卡 | G8: 2 戰鬥力 / 3 能量 | H8: 清殭屍壓力的最低尺
A9: 每輪 Turn 數 | B9: 3 | C9: 抽完整正規牌組 | F9: 烹飪卡 | G9: -2 食物 +6 臨時食物 / 1 能量 | H9: 高效率但只能支付輪末固定消耗
A10: 基礎能量 | B10: 1~3 | C10: 限制每 Turn 可打牌量 | D10: 目前想要讓情報中心當成能量的來源，每多1等+1上限 | F10: 基礎探索卡 | G10: 1 次使用，製作取得 | H10: 卡包來源，不應免費循環
A11: 基礎輪末食物消耗 | B11: 預計1~10天(3) 11~20(5) 21~30(10) | C11: FoodPlanSystem 目前 baseRoundConsumption | D11: 暫定，之後修改 | F11: 替換機會 | G11: 1 次替換約等於 2 Rough Score | H11: 只是估算，用於抓異常
A12: 緊縮食物修正 | B12: -2 | C12: 少吃但降士氣 | F12: 士氣變化 | G12: 每 5 士氣約等於 1 Rough Score | H12: 暫定換算
A13: 豐盛食物修正 | B13: 2 | C13: 多吃但加士氣 | F13: 殭屍卡 | G13: 附加卡，不形成第 4 回合 | H13: 風險應壓迫玩家而非破壞牌組規則
A14: 緊縮士氣修正 | B14: -5 | C14: 食物換士氣
A15: 豐盛士氣修正 | B15: 5 | C15: 食物換士氣
A16: 食物短缺士氣懲罰 | B16: -5 | C16: 每缺 1 食物，士氣 -5
A17: 預設士氣 | B17: 70 | C17: 基地穩定點 | D17: 高於 70 會回落
A18: 最大士氣 | B18: 100 | C18: 士氣上限
A19: 高士氣每輪衰減 | B19: -5 | C19: 避免士氣永久堆疊

Sheet Effect Dictionary
A1: 效果字典：討論卡牌時盡量使用這些動詞與數值 | B1: 效果字典：討論卡牌時盡量使用這些動詞與數值 | C1: 效果字典：討論卡牌時盡量使用這些動詞與數值 | D1: 效果字典：討論卡牌時盡量使用這些動詞與數值 | E1: 效果字典：討論卡牌時盡量使用這些動詞與數值 | F1: 效果字典：討論卡牌時盡量使用這些動詞與數值
A3: 這張表幫你把卡牌效果寫得接近程式與 GDD 語言，之後比較容易實作。 | B3: 這張表幫你把卡牌效果寫得接近程式與 GDD 語言，之後比較容易實作。 | C3: 這張表幫你把卡牌效果寫得接近程式與 GDD 語言，之後比較容易實作。 | D3: 這張表幫你把卡牌效果寫得接近程式與 GDD 語言，之後比較容易實作。 | E3: 這張表幫你把卡牌效果寫得接近程式與 GDD 語言，之後比較容易實作。 | F3: 這張表幫你把卡牌效果寫得接近程式與 GDD 語言，之後比較容易實作。
A5: 分類 | B5: 效果名稱 | C5: 建議寫法 | D5: 目前系統支援 | E5: 常見用途 | F5: 備註
A6: Value | B6: AddFood | C6: 食物 +N | D6: Yes | E6: 食物卡、事件獎勵 | F6: 永久食物
A7: Value | B7: SpendFood | C7: 食物 -N | D7: Yes | E7: 卡牌成本、事件成本 | F7: 不吃臨時食物
A8: Value | B8: AddTemporaryFood | C8: 臨時食物 +N | D8: Yes | E8: 烹飪、短期補給 | F8: 只抵銷輪末固定消耗
A9: Value | B9: AddResource | C9: 資源 +N | D9: Yes | E9: 資源卡、探索
A10: Value | B10: SpendResource | C10: 資源 -N | D10: Yes | E10: 製作、建築、事件
A11: Value | B11: AddPendingDamage | C11: 戰鬥力 +N | D11: Yes | E11: 戰鬥卡 | F11: 輪末處理殭屍
A12: Value | B12: AddMorale | C12: 士氣 +N | D12: Yes | E12: 事件、食物計畫
A13: Value | B13: ReduceMorale | C13: 士氣 -N | D13: Yes | E13: 負面事件、探索風險
A14: Card Flow | B14: DrawCards | C14: 抽 N 張 | D14: Yes | E14: 節奏卡、調度卡 | F14: 小心爆發太強
A15: Card Flow | B15: GrantReplacementChance | C15: 替換機會 +N | D15: Yes | E15: 情報中心、規劃卡
A16: Card Flow | B16: AddCardToDiscardPile | C16: 指定卡進棄牌堆 | D16: Yes | E16: 殭屍風險、事件污染
A17: Exploration | B17: BeginExploration | C17: 開啟地區三選一 | D17: Yes | E17: 探索卡 | F17: 由 ExplorationCardData 觸發
A18: Building | B18: ConstructionProgress | C18: 施工進度 +N | D18: Yes | E18: 建造卡 | F18: 由 ConstructionCardData 觸發
A19: Building | B19: QueueCraft | C19: 排入製作 | D19: Yes | E19: 建築互動 | F19: 不是卡牌效果
A20: Future | B20: UpgradeCard | C20: 指定卡牌強化 | D20: Partial | E20: 防禦工事 | F20: 已有建築互動原型
A21: Future | B21: EventWeight | C21: 事件權重修正 | D21: No | E21: 士氣、探索後果 | F21: 保留後續

Sheet Sources and Packs
A1: 卡牌來源與卡包討論表 | B1: 卡牌來源與卡包討論表 | C1: 卡牌來源與卡包討論表 | D1: 卡牌來源與卡包討論表 | E1: 卡牌來源與卡包討論表 | F1: 卡牌來源與卡包討論表 | G1: 卡牌來源與卡包討論表 | H1: 卡牌來源與卡包討論表
A3: 當你設計新卡時，也要決定玩家何時拿得到。這張表用來避免所有好卡都太早出現。 | B3: 當你設計新卡時，也要決定玩家何時拿得到。這張表用來避免所有好卡都太早出現。 | C3: 當你設計新卡時，也要決定玩家何時拿得到。這張表用來避免所有好卡都太早出現。 | D3: 當你設計新卡時，也要決定玩家何時拿得到。這張表用來避免所有好卡都太早出現。 | E3: 當你設計新卡時，也要決定玩家何時拿得到。這張表用來避免所有好卡都太早出現。 | F3: 當你設計新卡時，也要決定玩家何時拿得到。這張表用來避免所有好卡都太早出現。 | G3: 當你設計新卡時，也要決定玩家何時拿得到。這張表用來避免所有好卡都太早出現。 | H3: 當你設計新卡時，也要決定玩家何時拿得到。這張表用來避免所有好卡都太早出現。
A5: 來源 | B5: 解鎖時機 | C5: 主要卡牌類型 | D5: 推薦強度 | E5: 風險 | F5: 設計目的 | G5: 範例 | H5: 備註
A6: Starting Deck | B6: 第 1 天 | C6: Food / Resource / Combat | D6: 低到中 | E6: 低 | F6: 提供基本運作 | G6: 標準食物、拆解零件
A7: Default Refill | B7: 補位時 | C7: 基礎卡 | D7: 低 | E7: 低 | F7: 維持正規牌組合法 | G7: 預設食物、預設資源 | H7: 不應太強
A8: Building Craft | B8: 建築完成後 | C8: Explore / Craft / Planning / Combat | D8: 中 | E8: 成本與時間 | F8: 長期成長 | G8: 烹飪、基礎探索、調度
A9: Exploration Pack | B9: 探索後 | C9: Food / Resource / Weapon / Tech / Clue | D9: 中到高 | E9: 殭屍或士氣 | F9: 冒險換未來 | G9: 軍事基地武器卡
A10: Event | B10: 事件選項 | C10: 任意 | D10: 低到高 | E10: 選項代價 | F10: 製造抉擇 | G10: 救援、交易、污染
A11: Construction | B11: 施工開始後 | C11: Build | D11: 功能性 | E11: 占用正規牌組 | F11: 推進建築進度 | G11: 工作台建造卡 | H11: 完成/取消後移除
A12: Debug/Test | B12: 測試用 | C12: 任意 | D12: 不限 | E12: 無 | F12: 快速驗證 | G12: 測試卡 | H12: 不要混進正式卡池

Sheet Card Packs
A1: Card Packs - 卡包設計表 | B1: Card Packs - 卡包設計表 | C1: Card Packs - 卡包設計表 | D1: Card Packs - 卡包設計表 | E1: Card Packs - 卡包設計表 | F1: Card Packs - 卡包設計表 | G1: Card Packs - 卡包設計表 | H1: Card Packs - 卡包設計表 | I1: Card Packs - 卡包設計表 | J1: Card Packs - 卡包設計表 | K1: Card Packs - 卡包設計表 | L1: Card Packs - 卡包設計表 | M1: Card Packs - 卡包設計表 | N1: Card Packs - 卡包設計表
A2: 填法建議：上半部定義卡包本身，下半部定義卡包內會抽到哪些卡。地區不要直接變成卡包；地區應該指定可能掉落哪些卡包，卡包再用權重抽卡。Pack ID 會連接上下兩張表。 | B2: 填法建議：上半部定義卡包本身，下半部定義卡包內會抽到哪些卡。地區不要直接變成卡包；地區應該指定可能掉落哪些卡包，卡包再用權重抽卡。Pack ID 會連接上下兩張表。 | C2: 填法建議：上半部定義卡包本身，下半部定義卡包內會抽到哪些卡。地區不要直接變成卡包；地區應該指定可能掉落哪些卡包，卡包再用權重抽卡。Pack ID 會連接上下兩張表。 | D2: 填法建議：上半部定義卡包本身，下半部定義卡包內會抽到哪些卡。地區不要直接變成卡包；地區應該指定可能掉落哪些卡包，卡包再用權重抽卡。Pack ID 會連接上下兩張表。 | E2: 填法建議：上半部定義卡包本身，下半部定義卡包內會抽到哪些卡。地區不要直接變成卡包；地區應該指定可能掉落哪些卡包，卡包再用權重抽卡。Pack ID 會連接上下兩張表。 | F2: 填法建議：上半部定義卡包本身，下半部定義卡包內會抽到哪些卡。地區不要直接變成卡包；地區應該指定可能掉落哪些卡包，卡包再用權重抽卡。Pack ID 會連接上下兩張表。 | G2: 填法建議：上半部定義卡包本身，下半部定義卡包內會抽到哪些卡。地區不要直接變成卡包；地區應該指定可能掉落哪些卡包，卡包再用權重抽卡。Pack ID 會連接上下兩張表。 | H2: 填法建議：上半部定義卡包本身，下半部定義卡包內會抽到哪些卡。地區不要直接變成卡包；地區應該指定可能掉落哪些卡包，卡包再用權重抽卡。Pack ID 會連接上下兩張表。 | I2: 填法建議：上半部定義卡包本身，下半部定義卡包內會抽到哪些卡。地區不要直接變成卡包；地區應該指定可能掉落哪些卡包，卡包再用權重抽卡。Pack ID 會連接上下兩張表。 | J2: 填法建議：上半部定義卡包本身，下半部定義卡包內會抽到哪些卡。地區不要直接變成卡包；地區應該指定可能掉落哪些卡包，卡包再用權重抽卡。Pack ID 會連接上下兩張表。 | K2: 填法建議：上半部定義卡包本身，下半部定義卡包內會抽到哪些卡。地區不要直接變成卡包；地區應該指定可能掉落哪些卡包，卡包再用權重抽卡。Pack ID 會連接上下兩張表。 | L2: 填法建議：上半部定義卡包本身，下半部定義卡包內會抽到哪些卡。地區不要直接變成卡包；地區應該指定可能掉落哪些卡包，卡包再用權重抽卡。Pack ID 會連接上下兩張表。 | M2: 填法建議：上半部定義卡包本身，下半部定義卡包內會抽到哪些卡。地區不要直接變成卡包；地區應該指定可能掉落哪些卡包，卡包再用權重抽卡。Pack ID 會連接上下兩張表。 | N2: 填法建議：上半部定義卡包本身，下半部定義卡包內會抽到哪些卡。地區不要直接變成卡包；地區應該指定可能掉落哪些卡包，卡包再用權重抽卡。Pack ID 會連接上下兩張表。
A3: 填法建議：上半部定義卡包本身，下半部定義卡包內會抽到哪些卡。地區不要直接變成卡包；地區應該指定可能掉落哪些卡包，卡包再用權重抽卡。Pack ID 會連接上下兩張表。 | B3: 填法建議：上半部定義卡包本身，下半部定義卡包內會抽到哪些卡。地區不要直接變成卡包；地區應該指定可能掉落哪些卡包，卡包再用權重抽卡。Pack ID 會連接上下兩張表。 | C3: 填法建議：上半部定義卡包本身，下半部定義卡包內會抽到哪些卡。地區不要直接變成卡包；地區應該指定可能掉落哪些卡包，卡包再用權重抽卡。Pack ID 會連接上下兩張表。 | D3: 填法建議：上半部定義卡包本身，下半部定義卡包內會抽到哪些卡。地區不要直接變成卡包；地區應該指定可能掉落哪些卡包，卡包再用權重抽卡。Pack ID 會連接上下兩張表。 | E3: 填法建議：上半部定義卡包本身，下半部定義卡包內會抽到哪些卡。地區不要直接變成卡包；地區應該指定可能掉落哪些卡包，卡包再用權重抽卡。Pack ID 會連接上下兩張表。 | F3: 填法建議：上半部定義卡包本身，下半部定義卡包內會抽到哪些卡。地區不要直接變成卡包；地區應該指定可能掉落哪些卡包，卡包再用權重抽卡。Pack ID 會連接上下兩張表。 | G3: 填法建議：上半部定義卡包本身，下半部定義卡包內會抽到哪些卡。地區不要直接變成卡包；地區應該指定可能掉落哪些卡包，卡包再用權重抽卡。Pack ID 會連接上下兩張表。 | H3: 填法建議：上半部定義卡包本身，下半部定義卡包內會抽到哪些卡。地區不要直接變成卡包；地區應該指定可能掉落哪些卡包，卡包再用權重抽卡。Pack ID 會連接上下兩張表。 | I3: 填法建議：上半部定義卡包本身，下半部定義卡包內會抽到哪些卡。地區不要直接變成卡包；地區應該指定可能掉落哪些卡包，卡包再用權重抽卡。Pack ID 會連接上下兩張表。 | J3: 填法建議：上半部定義卡包本身，下半部定義卡包內會抽到哪些卡。地區不要直接變成卡包；地區應該指定可能掉落哪些卡包，卡包再用權重抽卡。Pack ID 會連接上下兩張表。 | K3: 填法建議：上半部定義卡包本身，下半部定義卡包內會抽到哪些卡。地區不要直接變成卡包；地區應該指定可能掉落哪些卡包，卡包再用權重抽卡。Pack ID 會連接上下兩張表。 | L3: 填法建議：上半部定義卡包本身，下半部定義卡包內會抽到哪些卡。地區不要直接變成卡包；地區應該指定可能掉落哪些卡包，卡包再用權重抽卡。Pack ID 會連接上下兩張表。 | M3: 填法建議：上半部定義卡包本身，下半部定義卡包內會抽到哪些卡。地區不要直接變成卡包；地區應該指定可能掉落哪些卡包，卡包再用權重抽卡。Pack ID 會連接上下兩張表。 | N3: 填法建議：上半部定義卡包本身，下半部定義卡包內會抽到哪些卡。地區不要直接變成卡包；地區應該指定可能掉落哪些卡包，卡包再用權重抽卡。Pack ID 會連接上下兩張表。
A5: Pack ID | B5: 卡包名稱 | C5: 狀態 | D5: 卡包類型 | E5: 階段 | F5: 稀有度 | G5: 來源/地區 | H5: 每包張數 | I5: 是否可重複 | J5: 正常卡去向 | K5: 殭屍卡去向 | L5: 風險設計 | M5: 設計意圖 | N5: 備註
A6: PACK-FOOD-S | B6: 小食物卡包 | C6: Draft | D6: Food | E6: Early | F6: Common | G6: 廢棄超市 / 住宅區 | H6: 1 | I6: No | J6: CardInventory | K6: DiscardPile | L6: 通常不額外加風險，由地區風險決定。 | M6: 提供短期食物補給與少量士氣牌。
A7: PACK-RES-S | B7: 小資源卡包 | C7: Draft | D7: Resource | E7: Early | F7: Common | G7: 住宅區 / 加油站 / 倉庫 | H7: 1 | I7: No | J7: CardInventory | K7: DiscardPile | L7: 通常不額外加風險，由地區風險決定。 | M7: 支撐前期建築與製作節奏。
A8: PACK-TOOL-S | B8: 小工具卡包 | C8: Draft | D8: Tool | E8: Early | F8: Common | G8: 加油站 / 學校 / 事件 | H8: 1 | I8: No | J8: CardInventory | K8: DiscardPile | L8: 工具牌容易改變節奏，需控制掉落。 | M8: 提供調度、加費與手牌操作。
A9: PACK-WEAPON-S | B9: 小武器卡包 | C9: Draft | D9: Weapon | E9: Early | F9: Common | G9: 加油站 / 軍事基地 | H9: 1 | I9: No | J9: CardInventory | K9: DiscardPile | L9: 武器強度直接降低殭屍壓力，稀有卡需少量。 | M9: 提供戰鬥力補充。
A10: PACK-MIX-S | B10: 混合生存卡包 | C10: Draft | D10: Mixed | E10: Early | F10: Common | G10: 廢棄超市 / 住宅區 / 加油站 | H10: 2 | I10: No | J10: CardInventory | K10: DiscardPile | L10: 可混入低量殭屍或傷口作為波動。 | M10: 讓探索結果更彈性。
A12: Pack ID | B12: Entry ID | C12: 卡名 | D12: Card ID | E12: 卡牌類型 | F12: 稀有度 | G12: 權重 | H12: 最小張數 | I12: 最大張數 | J12: 是否地區限定 | K12: 限定地區 | L12: 抽到後去向 | M12: 設計備註 | N12: 測試重點
A13: PACK-FOOD-S | B13: E001 | C13: 零食 | E13: Food | F13: Common | G13: 45 | H13: 0 | I13: 1 | J13: No | L13: CardInventory | M13: 標準食物牌。 | N13: 是否足以支撐 10 天短局。
A14: PACK-FOOD-S | B14: E002 | C14: 罐頭 | E14: Food | F14: Common | G14: 35 | H14: 0 | I14: 1 | J14: No | L14: CardInventory | M14: 高使用次數但效率較低。 | N14: 是否太穩定。
A15: PACK-FOOD-S | B15: E003 | C15: 飲料 | E15: Food | F15: Common | G15: 15 | H15: 0 | I15: 1 | J15: No | L15: CardInventory | M15: 少量士氣回復。 | N15: 士氣是否太容易補回。
A16: PACK-FOOD-S | B16: E004 | C16: 貨架搜刮 | E16: Food | F16: Rare | G16: 5 | H16: 0 | I16: 1 | J16: Yes | K16: 超商 / 便利商店 | L16: CardInventory | M16: 地區限定高收益食物。 | N16: 爆倉轉士氣後是否太強。
A17: PACK-RES-S | B17: E005 | C17: 可用零件 | E17: Resource | F17: Common | G17: 55 | H17: 0 | I17: 1 | J17: No | L17: CardInventory | M17: 標準資源牌。 | N17: 建築進度是否過快。
A18: PACK-RES-S | B18: E006 | C18: 拆除家具 | E18: Resource | F18: Common | G18: 35 | H18: 0 | I18: 1 | J18: No | L18: CardInventory | M18: 單次高收益。 | N18: 一次性收益是否太強。
A19: PACK-RES-S | B19: E007 | C19: 上鎖倉庫間 | E19: Resource | F19: Rare | G19: 10 | H19: 0 | I19: 1 | J19: Yes | K19: 倉庫 | L19: CardInventory | M19: 高費高收益資源。 | N19: 是否需要加費工具支援。
A20: PACK-TOOL-S | B20: E008 | C20: 調度工具 | E20: Other | F20: Common | G20: 45 | H20: 0 | I20: 1 | J20: No | L20: CardInventory | M20: 檢索抽牌堆並放入休憩。 | N20: 是否導致過度穩定。
A21: PACK-TOOL-S | B21: E009 | C21: 效率至上 | E21: Other | F21: Common | G21: 35 | H21: 0 | I21: 1 | J21: No | L21: CardInventory | M21: 0 費加 1 能量。 | N21: 是否讓高費牌太容易打。
A22: PACK-TOOL-S | B22: E010 | C22: 效率安排 | E22: Other | F22: Rare | G22: 20 | H22: 0 | I22: 1 | J22: No | L22: CardInventory | M22: 降低其他手牌費用。 | N22: 是否形成爆發回合。
A23: PACK-WEAPON-S | B23: E011 | C23: 撬棍 | E23: Combat | F23: Common | G23: 70 | H23: 0 | I23: 1 | J23: No | L23: CardInventory | M23: 標準武器。 | N23: 殭屍壓力是否下降太多。
A24: PACK-WEAPON-S | B24: E012 | C24: 消防斧 | E24: Combat | F24: Rare | G24: 30 | H24: 0 | I24: 1 | J24: No | L24: CardInventory | M24: 高效率武器。 | N24: 稀有武器是否太強。
A82: 卡包公式建議：先依地區掉落表抽出 Pack ID，再依本表 Pack ID 找到候選 Entry，以權重抽取指定張數。若抽到 ZombieCardData，V1 規則是進棄牌堆；其他卡進 CardInventory。 | B82: 卡包公式建議：先依地區掉落表抽出 Pack ID，再依本表 Pack ID 找到候選 Entry，以權重抽取指定張數。若抽到 ZombieCardData，V1 規則是進棄牌堆；其他卡進 CardInventory。 | C82: 卡包公式建議：先依地區掉落表抽出 Pack ID，再依本表 Pack ID 找到候選 Entry，以權重抽取指定張數。若抽到 ZombieCardData，V1 規則是進棄牌堆；其他卡進 CardInventory。 | D82: 卡包公式建議：先依地區掉落表抽出 Pack ID，再依本表 Pack ID 找到候選 Entry，以權重抽取指定張數。若抽到 ZombieCardData，V1 規則是進棄牌堆；其他卡進 CardInventory。 | E82: 卡包公式建議：先依地區掉落表抽出 Pack ID，再依本表 Pack ID 找到候選 Entry，以權重抽取指定張數。若抽到 ZombieCardData，V1 規則是進棄牌堆；其他卡進 CardInventory。 | F82: 卡包公式建議：先依地區掉落表抽出 Pack ID，再依本表 Pack ID 找到候選 Entry，以權重抽取指定張數。若抽到 ZombieCardData，V1 規則是進棄牌堆；其他卡進 CardInventory。 | G82: 卡包公式建議：先依地區掉落表抽出 Pack ID，再依本表 Pack ID 找到候選 Entry，以權重抽取指定張數。若抽到 ZombieCardData，V1 規則是進棄牌堆；其他卡進 CardInventory。 | H82: 卡包公式建議：先依地區掉落表抽出 Pack ID，再依本表 Pack ID 找到候選 Entry，以權重抽取指定張數。若抽到 ZombieCardData，V1 規則是進棄牌堆；其他卡進 CardInventory。 | I82: 卡包公式建議：先依地區掉落表抽出 Pack ID，再依本表 Pack ID 找到候選 Entry，以權重抽取指定張數。若抽到 ZombieCardData，V1 規則是進棄牌堆；其他卡進 CardInventory。 | J82: 卡包公式建議：先依地區掉落表抽出 Pack ID，再依本表 Pack ID 找到候選 Entry，以權重抽取指定張數。若抽到 ZombieCardData，V1 規則是進棄牌堆；其他卡進 CardInventory。 | K82: 卡包公式建議：先依地區掉落表抽出 Pack ID，再依本表 Pack ID 找到候選 Entry，以權重抽取指定張數。若抽到 ZombieCardData，V1 規則是進棄牌堆；其他卡進 CardInventory。 | L82: 卡包公式建議：先依地區掉落表抽出 Pack ID，再依本表 Pack ID 找到候選 Entry，以權重抽取指定張數。若抽到 ZombieCardData，V1 規則是進棄牌堆；其他卡進 CardInventory。 | M82: 卡包公式建議：先依地區掉落表抽出 Pack ID，再依本表 Pack ID 找到候選 Entry，以權重抽取指定張數。若抽到 ZombieCardData，V1 規則是進棄牌堆；其他卡進 CardInventory。 | N82: 卡包公式建議：先依地區掉落表抽出 Pack ID，再依本表 Pack ID 找到候選 Entry，以權重抽取指定張數。若抽到 ZombieCardData，V1 規則是進棄牌堆；其他卡進 CardInventory。
A83: 卡包公式建議：先依地區掉落表抽出 Pack ID，再依本表 Pack ID 找到候選 Entry，以權重抽取指定張數。若抽到 ZombieCardData，V1 規則是進棄牌堆；其他卡進 CardInventory。 | B83: 卡包公式建議：先依地區掉落表抽出 Pack ID，再依本表 Pack ID 找到候選 Entry，以權重抽取指定張數。若抽到 ZombieCardData，V1 規則是進棄牌堆；其他卡進 CardInventory。 | C83: 卡包公式建議：先依地區掉落表抽出 Pack ID，再依本表 Pack ID 找到候選 Entry，以權重抽取指定張數。若抽到 ZombieCardData，V1 規則是進棄牌堆；其他卡進 CardInventory。 | D83: 卡包公式建議：先依地區掉落表抽出 Pack ID，再依本表 Pack ID 找到候選 Entry，以權重抽取指定張數。若抽到 ZombieCardData，V1 規則是進棄牌堆；其他卡進 CardInventory。 | E83: 卡包公式建議：先依地區掉落表抽出 Pack ID，再依本表 Pack ID 找到候選 Entry，以權重抽取指定張數。若抽到 ZombieCardData，V1 規則是進棄牌堆；其他卡進 CardInventory。 | F83: 卡包公式建議：先依地區掉落表抽出 Pack ID，再依本表 Pack ID 找到候選 Entry，以權重抽取指定張數。若抽到 ZombieCardData，V1 規則是進棄牌堆；其他卡進 CardInventory。 | G83: 卡包公式建議：先依地區掉落表抽出 Pack ID，再依本表 Pack ID 找到候選 Entry，以權重抽取指定張數。若抽到 ZombieCardData，V1 規則是進棄牌堆；其他卡進 CardInventory。 | H83: 卡包公式建議：先依地區掉落表抽出 Pack ID，再依本表 Pack ID 找到候選 Entry，以權重抽取指定張數。若抽到 ZombieCardData，V1 規則是進棄牌堆；其他卡進 CardInventory。 | I83: 卡包公式建議：先依地區掉落表抽出 Pack ID，再依本表 Pack ID 找到候選 Entry，以權重抽取指定張數。若抽到 ZombieCardData，V1 規則是進棄牌堆；其他卡進 CardInventory。 | J83: 卡包公式建議：先依地區掉落表抽出 Pack ID，再依本表 Pack ID 找到候選 Entry，以權重抽取指定張數。若抽到 ZombieCardData，V1 規則是進棄牌堆；其他卡進 CardInventory。 | K83: 卡包公式建議：先依地區掉落表抽出 Pack ID，再依本表 Pack ID 找到候選 Entry，以權重抽取指定張數。若抽到 ZombieCardData，V1 規則是進棄牌堆；其他卡進 CardInventory。 | L83: 卡包公式建議：先依地區掉落表抽出 Pack ID，再依本表 Pack ID 找到候選 Entry，以權重抽取指定張數。若抽到 ZombieCardData，V1 規則是進棄牌堆；其他卡進 CardInventory。 | M83: 卡包公式建議：先依地區掉落表抽出 Pack ID，再依本表 Pack ID 找到候選 Entry，以權重抽取指定張數。若抽到 ZombieCardData，V1 規則是進棄牌堆；其他卡進 CardInventory。 | N83: 卡包公式建議：先依地區掉落表抽出 Pack ID，再依本表 Pack ID 找到候選 Entry，以權重抽取指定張數。若抽到 ZombieCardData，V1 規則是進棄牌堆；其他卡進 CardInventory。
A84: 卡包公式建議：先依地區掉落表抽出 Pack ID，再依本表 Pack ID 找到候選 Entry，以權重抽取指定張數。若抽到 ZombieCardData，V1 規則是進棄牌堆；其他卡進 CardInventory。 | B84: 卡包公式建議：先依地區掉落表抽出 Pack ID，再依本表 Pack ID 找到候選 Entry，以權重抽取指定張數。若抽到 ZombieCardData，V1 規則是進棄牌堆；其他卡進 CardInventory。 | C84: 卡包公式建議：先依地區掉落表抽出 Pack ID，再依本表 Pack ID 找到候選 Entry，以權重抽取指定張數。若抽到 ZombieCardData，V1 規則是進棄牌堆；其他卡進 CardInventory。 | D84: 卡包公式建議：先依地區掉落表抽出 Pack ID，再依本表 Pack ID 找到候選 Entry，以權重抽取指定張數。若抽到 ZombieCardData，V1 規則是進棄牌堆；其他卡進 CardInventory。 | E84: 卡包公式建議：先依地區掉落表抽出 Pack ID，再依本表 Pack ID 找到候選 Entry，以權重抽取指定張數。若抽到 ZombieCardData，V1 規則是進棄牌堆；其他卡進 CardInventory。 | F84: 卡包公式建議：先依地區掉落表抽出 Pack ID，再依本表 Pack ID 找到候選 Entry，以權重抽取指定張數。若抽到 ZombieCardData，V1 規則是進棄牌堆；其他卡進 CardInventory。 | G84: 卡包公式建議：先依地區掉落表抽出 Pack ID，再依本表 Pack ID 找到候選 Entry，以權重抽取指定張數。若抽到 ZombieCardData，V1 規則是進棄牌堆；其他卡進 CardInventory。 | H84: 卡包公式建議：先依地區掉落表抽出 Pack ID，再依本表 Pack ID 找到候選 Entry，以權重抽取指定張數。若抽到 ZombieCardData，V1 規則是進棄牌堆；其他卡進 CardInventory。 | I84: 卡包公式建議：先依地區掉落表抽出 Pack ID，再依本表 Pack ID 找到候選 Entry，以權重抽取指定張數。若抽到 ZombieCardData，V1 規則是進棄牌堆；其他卡進 CardInventory。 | J84: 卡包公式建議：先依地區掉落表抽出 Pack ID，再依本表 Pack ID 找到候選 Entry，以權重抽取指定張數。若抽到 ZombieCardData，V1 規則是進棄牌堆；其他卡進 CardInventory。 | K84: 卡包公式建議：先依地區掉落表抽出 Pack ID，再依本表 Pack ID 找到候選 Entry，以權重抽取指定張數。若抽到 ZombieCardData，V1 規則是進棄牌堆；其他卡進 CardInventory。 | L84: 卡包公式建議：先依地區掉落表抽出 Pack ID，再依本表 Pack ID 找到候選 Entry，以權重抽取指定張數。若抽到 ZombieCardData，V1 規則是進棄牌堆；其他卡進 CardInventory。 | M84: 卡包公式建議：先依地區掉落表抽出 Pack ID，再依本表 Pack ID 找到候選 Entry，以權重抽取指定張數。若抽到 ZombieCardData，V1 規則是進棄牌堆；其他卡進 CardInventory。 | N84: 卡包公式建議：先依地區掉落表抽出 Pack ID，再依本表 Pack ID 找到候選 Entry，以權重抽取指定張數。若抽到 ZombieCardData，V1 規則是進棄牌堆；其他卡進 CardInventory。
